Country,Year,LifeExpectancy,InfantDeaths,BirthRate,Population
Germany,2024,82.04,2080,9322,83252474
Germany,2023,81.88,2133,9373,83294633
Germany,2022,81.72,2344,9381,83369843
Germany,2021,81.57,2555,9389,83408554
Germany,2020,81.41,2767,9397,83328988
Germany,2019,81.26,2978,9405,83148141
Germany,2018,81.1,3189,9413,82896696
Germany,2017,80.97,3223,9235,82624374
Germany,2016,80.84,3256,9057,82331423
Germany,2015,80.7,3290,8878,82073226
Germany,2014,80.57,3323,8700,81858825
Germany,2013,80.44,3357,8522,81680591
Germany,2012,80.3,3418,8489,81545565
Germany,2011,80.16,3479,8456,81423378
Germany,2010,80.01,3541,8422,81325090
Germany,2009,79.87,3602,8389,81260615
Germany,2008,79.73,3663,8356,81217482
Germany,2007,79.51,3761,8443,81183830
Germany,2006,79.29,3859,8530,81177817
Germany,2005,79.06,3956,8616,81212168
Germany,2004,78.84,4054,8703,81266673
Germany,2003,78.62,4152,8790,81346810
Germany,2002,78.36,4273,8945,81443427
Germany,2001,78.1,4394,9101,81514568
Germany,2000,77.83,4515,9256,81551677
Germany,1999,77.57,4636,9412,81556965
Germany,1998,77.31,4757,9567,81524383
Germany,1997,77.04,5003,9632,81436087
Germany,1996,76.78,5249,9696,81300865
Germany,1995,76.51,5496,9761,81123262
Germany,1994,76.25,5742,9825,80882126
Germany,1993,75.98,5988,9890,80573488
Germany,1992,75.78,6446,10103,80205030
Germany,1991,75.58,6903,10316,79801988
Germany,1990,75.39,7361,10530,79370196
Germany,1989,75.19,7818,10743,78916438
Germany,1988,74.99,8276,10956,78477530
Germany,1987,74.72,8835,10901,78090895
Germany,1986,74.45,9394,10846,77803357
Germany,1985,74.19,9952,10790,77638808
Germany,1984,73.92,10511,10735,77568572
Germany,1983,73.65,11070,10680,77566064
Germany,1982,73.38,11960,10606,77610430
Germany,1981,73.11,12849,10532,77684489
Germany,1980,72.84,13739,10458,77786703
Germany,1979,72.57,14628,10384,77915727
Germany,1978,72.3,15518,10310,78071549
Germany,1977,72.07,16573,10513,78221272
Germany,1976,71.84,17629,10716,78364216
Germany,1975,71.61,18684,10920,78513511
Germany,1974,71.38,19740,11123,78620534
Germany,1973,71.15,20795,11326,78667466
Germany,1972,71.05,21158,12257,78643556
Germany,1971,70.96,21521,13188,78511398
Germany,1970,70.86,21884,14120,78294583
Germany,1969,70.77,22247,15051,78012485
Germany,1968,70.67,22610,15982,77646126
Germany,1967,70.53,24133,16320,77173553
Germany,1966,70.39,25656,16658,76618716
Germany,1965,70.25,27180,16995,76037469
Germany,1964,70.11,28703,17333,75423245
Germany,1963,69.97,30226,17671,74796217
Germany,1962,69.76,31888,17457,74194417
Germany,1961,69.55,33550,17242,73604346
Germany,1960,69.33,35212,17028,73063695
Germany,1959,69.12,36874,16813,72578945
Germany,1958,68.91,38536,16599,72136470
Germany,1957,68.63,40101,16415,71771634
Germany,1956,68.35,41667,16232,71473269
Germany,1955,68.08,43232,16048,71222628
Germany,1954,67.8,44798,15865,71020731
Germany,1953,67.52,46363,15681,70879443
Germany,1952,67.24,47928,15497,70808373
Germany,1951,66.96,49494,15314,70820042
Germany,1950,66.69,51059,15130,70964095
Argentina,2024,77.32,8746,16009,46057866
Argentina,2023,77.17,8951,16172,45773884
Argentina,2022,77.03,9206,16360,45510318
Argentina,2021,76.88,9461,16548,45276780
Argentina,2020,76.74,9715,16736,45036032
Argentina,2019,76.59,9970,16924,44745520
Argentina,2018,76.45,10225,17112,44413596
Argentina,2017,76.29,10591,17273,44054616
Argentina,2016,76.14,10957,17433,43668241
Argentina,2015,75.98,11324,17594,43257065
Argentina,2014,75.83,11690,17754,42824054
Argentina,2013,75.67,12056,17915,42388269
Argentina,2012,75.51,12487,18009,41952365
Argentina,2011,75.35,12918,18103,41520740
Argentina,2010,75.19,13349,18198,41100123
Argentina,2009,75.03,13780,18292,40684338
Argentina,2008,74.87,14211,18386,40273769
Argentina,2007,74.7,14719,18538,39876111
Argentina,2006,74.53,15226,18690,39476851
Argentina,2005,74.36,15734,18842,39070501
Argentina,2004,74.19,16241,18994,38668796
Argentina,2003,74.02,16749,19146,38278164
Argentina,2002,73.84,17346,19317,37885028
Argentina,2001,73.66,17943,19488,37480493
Argentina,2000,73.48,18539,19659,37070774
Argentina,1999,73.3,19136,19830,36653031
Argentina,1998,73.12,19733,20001,36233195
Argentina,1997,72.93,20432,20352,35815971
Argentina,1996,72.74,21131,20703,35389362
Argentina,1995,72.54,21831,21053,34946110
Argentina,1994,72.35,22530,21404,34488696
Argentina,1993,72.16,23229,21755,34027240
Argentina,1992,71.94,24005,21918,33568285
Argentina,1991,71.72,24781,22081,33105763
Argentina,1990,71.49,25558,22243,32637657
Argentina,1989,71.27,26334,22406,32165766
Argentina,1988,71.05,27110,22569,31690792
Argentina,1987,70.88,28126,22734,31216453
Argentina,1986,70.71,29141,22899,30748326
Argentina,1985,70.54,30157,23064,30287112
Argentina,1984,70.37,31172,23229,29832197
Argentina,1983,70.2,32188,23394,29377137
Argentina,1982,69.9,33558,23841,28922762
Argentina,1981,69.6,34927,24288,28471285
Argentina,1980,69.31,36297,24736,28024803
Argentina,1979,69.01,37666,25183,27584134
Argentina,1978,68.71,39036,25630,27146121
Argentina,1977,68.42,40847,25249,26713780
Argentina,1976,68.13,42657,24869,26290257
Argentina,1975,67.85,44468,24488,25875558
Argentina,1974,67.56,46278,24108,25449754
Argentina,1973,67.27,48089,23727,25020588
Argentina,1972,66.98,49944,23542,24612794
Argentina,1971,66.69,51799,23357,24223379
Argentina,1970,66.41,53654,23171,23842803
Argentina,1969,66.12,55509,22986,23472028
Argentina,1968,65.83,57364,22801,23112971
Argentina,1967,65.72,57835,22905,22757014
Argentina,1966,65.62,58306,23009,22403116
Argentina,1965,65.51,58778,23113,22053661
Argentina,1964,65.41,59249,23217,21708487
Argentina,1963,65.3,59720,23321,21364017
Argentina,1962,65.16,59533,23523,21020359
Argentina,1961,65.01,59345,23725,20680653
Argentina,1960,64.87,59158,23926,20349744
Argentina,1959,64.72,58970,24128,20024524
Argentina,1958,64.58,58783,24330,19695352
Argentina,1957,64.18,59804,24555,19363786
Argentina,1956,63.78,60824,24779,19031192
Argentina,1955,63.37,61845,25004,18700686
Argentina,1954,62.97,62865,25228,18369249
Argentina,1953,62.57,63886,25453,18032740
Argentina,1952,62.17,64907,25678,17693853
Argentina,1951,61.77,65927,25902,17354612
Argentina,1950,61.36,66948,26127,17017742
Turkey,2024,78.67,7038,14686,86260417
Turkey,2023,78.45,7268,14894,85816199
Turkey,2022,78.22,7595,15151,85341241
Turkey,2021,77.99,7922,15408,84775404
Turkey,2020,77.77,8249,15665,83811681
Turkey,2019,77.54,8576,15922,83151687
Turkey,2018,77.31,8903,16179,82466922
Turkey,2017,76.97,9489,16399,81712731
Turkey,2016,76.62,10076,16619,80326058
Turkey,2015,76.28,10662,16838,78966299
Turkey,2014,75.93,11249,17058,77257848
Turkey,2013,75.59,11835,17278,75894387
Turkey,2012,75.15,12742,17557,74660491
Turkey,2011,74.7,13649,17836,73687217
Turkey,2010,74.26,14557,18115,72703473
Turkey,2009,73.81,15464,18394,71747804
Turkey,2008,73.37,16371,18673,70893647
Turkey,2007,72.97,18036,19040,70044091
Turkey,2006,72.57,19701,19407,69158575
Turkey,2005,72.17,21367,19774,68250854
Turkey,2004,71.77,23032,20141,67319296
Turkey,2003,71.37,24697,20508,66415358
Turkey,2002,70.79,27156,20970,65561967
Turkey,2001,70.22,29615,21433,64582070
Turkey,2000,69.64,32073,21895,63645024
Turkey,1999,69.07,34532,22358,62726206
Turkey,1998,68.49,36991,22820,61758203
Turkey,1997,67.89,40832,23147,60796649
Turkey,1996,67.29,44672,23474,59790923
Turkey,1995,66.69,48513,23802,58820056
Turkey,1994,66.09,52353,24129,57800434
Turkey,1993,65.49,56194,24456,56791582
Turkey,1992,65.0,59565,25120,55812492
Turkey,1991,64.51,62935,25785,54829852
Turkey,1990,64.02,66306,26449,53818432
Turkey,1989,63.53,69676,27114,52792036
Turkey,1988,63.04,73047,27778,51759744
Turkey,1987,62.48,77424,28782,50740561
Turkey,1986,61.91,81801,29786,49707210
Turkey,1985,61.35,86177,30791,48644137
Turkey,1984,60.78,90554,31795,47569391
Turkey,1983,60.22,94931,32799,46483460
Turkey,1982,59.59,99959,33432,45416522
Turkey,1981,58.95,104987,34065,44547232
Turkey,1980,58.32,110014,34697,43630906
Turkey,1979,57.68,115042,35330,42744047
Turkey,1978,57.05,120070,35963,41840365
Turkey,1977,56.39,125045,36599,40930947
Turkey,1976,55.73,130021,37235,40071047
Turkey,1975,55.07,134996,37870,39276132
Turkey,1974,54.41,139972,38506,38450708
Turkey,1973,53.75,144947,39142,37605765
Turkey,1972,53.16,147841,39474,36770306
Turkey,1971,52.56,150735,39806,35949607
Turkey,1970,51.97,153630,40137,35132373
Turkey,1969,51.37,156524,40469,34311607
Turkey,1968,50.78,159418,40801,33456542
Turkey,1967,50.07,163182,41381,32596437
Turkey,1966,49.35,166945,41960,31749133
Turkey,1965,48.64,170709,42540,30999940
Turkey,1964,47.92,174472,43119,30225702
Turkey,1963,47.21,178236,43699,29430052
Turkey,1962,46.5,182478,44360,28637242
Turkey,1961,45.79,186720,45020,27872762
Turkey,1960,45.09,190961,45681,27149198
Turkey,1959,44.38,195203,46341,26387121
Turkey,1958,43.67,199445,47002,25628280
Turkey,1957,43.14,202991,47469,24849223
Turkey,1956,42.61,206537,47936,24098092
Turkey,1955,42.07,210084,48402,23544613
Turkey,1954,41.54,213630,48869,22991311
Turkey,1953,41.01,217176,49336,22389858
Turkey,1952,40.48,220722,49803,21799163
Turkey,1951,39.95,224268,50270,21240057
Turkey,1950,39.41,227815,50736,20715337
Brazil,2024,76.77,10730,12580,217637297
Brazil,2023,76.57,11039,12806,216422446
Brazil,2022,76.37,11434,13059,215313498
Brazil,2021,76.17,11830,13313,214326223
Brazil,2020,75.96,12225,13566,213196304
Brazil,2019,75.76,12621,13820,211782878
Brazil,2018,75.56,13016,14073,210166592
Brazil,2017,75.32,13571,14232,208504960
Brazil,2016,75.07,14127,14392,206859578
Brazil,2015,74.83,14682,14551,205188205
Brazil,2014,74.58,15238,14711,203459650
Brazil,2013,74.34,15793,14870,201721767
Brazil,2012,74.03,16703,15108,199977707
Brazil,2011,73.72,17613,15346,198185302
Brazil,2010,73.42,18524,15584,196353492
Brazil,2009,73.11,19434,15822,194517549
Brazil,2008,72.8,20344,16060,192672317
Brazil,2007,72.43,21908,16582,190779453
Brazil,2006,72.06,23471,17105,188820682
Brazil,2005,71.7,25035,17627,186797334
Brazil,2004,71.33,26598,18150,184722043
Brazil,2003,70.96,28162,18672,182629278
Brazil,2002,70.62,29398,19234,180476685
Brazil,2001,70.28,30635,19796,178211881
Brazil,2000,69.93,31871,20358,175873720
Brazil,1999,69.59,33108,20920,173486281
Brazil,1998,69.25,34344,21482,171039804
Brazil,1997,68.87,36024,21871,168546707
Brazil,1996,68.49,37705,22261,166037122
Brazil,1995,68.1,39385,22650,163515328
Brazil,1994,67.72,41066,23040,160980472
Brazil,1993,67.34,42746,23429,158440875
Brazil,1992,66.94,45293,24062,155900790
Brazil,1991,66.54,47840,24694,153336445
Brazil,1990,66.15,50386,25327,150706446
Brazil,1989,65.75,52933,25959,148003411
Brazil,1988,65.35,55480,26592,145253973
Brazil,1987,64.98,58704,27445,142466264
Brazil,1986,64.61,61928,28297,139643355
Brazil,1985,64.24,65153,29150,136783180
Brazil,1984,63.87,68377,30002,133888775
Brazil,1983,63.5,71601,30855,130977370
Brazil,1982,63.15,73972,31169,128065095
Brazil,1981,62.81,76343,31484,125168060
Brazil,1980,62.46,78713,31798,122288383
Brazil,1979,62.12,81084,32113,119447303
Brazil,1978,61.77,83455,32427,116664382
Brazil,1977,61.4,85099,32639,113939886
Brazil,1976,61.04,86743,32851,111286504
Brazil,1975,60.67,88387,33063,108700515
Brazil,1974,60.31,90031,33275,106167372
Brazil,1973,59.94,91675,33487,103666904
Brazil,1972,59.51,93585,34230,101194394
Brazil,1971,59.08,95495,34972,98766288
Brazil,1970,58.66,97404,35715,96369875
Brazil,1969,58.23,99314,36457,94000381
Brazil,1968,57.8,101224,37200,91659246
Brazil,1967,57.32,103317,38032,89323288
Brazil,1966,56.83,105410,38865,86979283
Brazil,1965,56.35,107503,39697,84623747
Brazil,1964,55.86,109596,40530,82262794
Brazil,1963,55.38,111689,41362,79915555
Brazil,1962,54.89,114094,41636,77599218
Brazil,1961,54.41,116498,41909,75330008
Brazil,1960,53.92,118903,42183,73092515
Brazil,1959,53.44,121307,42456,70880820
Brazil,1958,52.95,123712,42730,68735926
Brazil,1957,52.53,126219,42959,66660892
Brazil,1956,52.1,128726,43188,64644887
Brazil,1955,51.68,131233,43417,62701031
Brazil,1954,51.25,133740,43646,60827590
Brazil,1953,50.83,136247,43875,59025679
Brazil,1952,50.41,138754,44104,57283338
Brazil,1951,49.98,141261,44333,55591058
Brazil,1950,49.56,143768,44562,53955359
USA,2024,79.25,5342,12009,341814420
USA,2023,79.11,5480,12023,339996563
USA,2022,79.05,5547,12012,338289857
USA,2021,78.99,5614,12001,336997624
USA,2020,78.93,5681,11990,335942003
USA,2019,78.87,5748,11979,334319671
USA,2018,78.81,5815,11968,332140037
USA,2017,78.84,5844,12083,329791231
USA,2016,78.86,5873,12198,327210198
USA,2015,78.89,5901,12314,324607776
USA,2014,78.91,5930,12429,322033964
USA,2013,78.94,5959,12544,319375166
USA,2012,78.79,6124,12798,316651321
USA,2011,78.64,6289,13051,313876608
USA,2010,78.49,6454,13305,311182845
USA,2009,78.34,6619,13558,308512035
USA,2008,78.19,6784,13812,305694910
USA,2007,77.99,6826,13856,302743399
USA,2006,77.79,6868,13900,299753098
USA,2005,77.58,6909,13945,296842670
USA,2004,77.38,6951,13989,293947885
USA,2003,77.18,6993,14033,291109820
USA,2002,77.04,7083,14083,288350252
USA,2001,76.9,7173,14133,285470493
USA,2000,76.75,7263,14182,282398554
USA,1999,76.61,7353,14232,279181581
USA,1998,76.47,7443,14282,275835018
USA,1997,76.31,7689,14516,272395438
USA,1996,76.14,7935,14750,268984347
USA,1995,75.98,8182,14983,265660556
USA,1994,75.81,8428,15217,262273589
USA,1993,75.65,8674,15451,258779753
USA,1992,75.5,8994,15492,255175339
USA,1991,75.35,9314,15532,251560189
USA,1990,75.19,9634,15573,248083732
USA,1989,75.04,9954,15613,244954094
USA,1988,74.89,10274,15654,242287814
USA,1987,74.79,10505,15590,239853168
USA,1986,74.68,10737,15525,237512783
USA,1985,74.58,10968,15461,235146182
USA,1984,74.47,11200,15396,232766280
USA,1983,74.37,11431,15332,230389964
USA,1982,74.15,11959,15217,228001418
USA,1981,73.92,12487,15102,225654008
USA,1980,73.7,13016,14986,223140018
USA,1979,73.47,13544,14871,220463115
USA,1978,73.25,14072,14756,217881437
USA,1977,72.88,14820,14931,215437405
USA,1976,72.52,15569,15106,213270022
USA,1975,72.15,16317,15281,211274535
USA,1974,71.79,17066,15456,209277968
USA,1973,71.42,17814,15631,207314764
USA,1972,71.21,18717,16031,205238390
USA,1971,71.0,19621,16431,202907917
USA,1970,70.78,20524,16832,200328340
USA,1969,70.57,21428,17232,197859329
USA,1968,70.36,22331,17632,195743427
USA,1967,70.31,22893,18308,193782438
USA,1966,70.26,23454,18984,191830975
USA,1965,70.21,24016,19660,189703283
USA,1964,70.16,24577,20336,187277378
USA,1963,70.11,25139,21012,184649873
USA,1962,70.02,25547,21573,181917809
USA,1961,69.93,25955,22134,179087278
USA,1960,69.84,26364,22696,176188578
USA,1959,69.75,26772,23257,173324608
USA,1958,69.66,27180,23818,170147101
USA,1957,69.47,27776,23874,166949120
USA,1956,69.28,28373,23930,164063411
USA,1955,69.09,28969,23987,161136449
USA,1954,68.9,29566,24043,158205873
USA,1953,68.71,30162,24099,155451199
USA,1952,68.52,30758,24155,152941727
USA,1951,68.33,31355,24211,150598453
USA,1950,68.14,31951,24268,148281550
France,2024,83.26,2617,10862,64881830
France,2023,83.13,2677,10914,64756584
France,2022,83.0,2748,10978,64626628
France,2021,82.86,2819,11042,64531444
France,2020,82.73,2890,11107,64480053
France,2019,82.59,2961,11171,64399759
France,2018,82.46,3032,11235,64277808
France,2017,82.36,3124,11457,64144086
France,2016,82.25,3216,11680,63989319
France,2015,82.15,3309,11902,63809769
France,2014,82.04,3401,12125,63588491
France,2013,81.94,3493,12347,63335180
France,2012,81.74,3538,12442,63071416
France,2011,81.54,3584,12537,62775268
France,2010,81.35,3629,12633,62444567
France,2009,81.15,3675,12728,62093296
France,2008,80.95,3720,12823,61721009
France,2007,80.68,3814,12829,61329376
France,2006,80.41,3907,12835,60919150
France,2005,80.14,4001,12840,60510079
France,2004,79.87,4094,12846,60108438
France,2003,79.6,4188,12852,59728262
France,2002,79.37,4291,12820,59372786
France,2001,79.14,4395,12788,59014772
France,2000,78.91,4498,12757,58665453
France,1999,78.68,4602,12725,58352208
France,1998,78.45,4705,12693,58080344
France,1997,78.23,5073,12712,57839363
France,1996,78.01,5441,12731,57623178
France,1995,77.78,5810,12750,57420354
France,1994,77.56,6178,12769,57230065
France,1993,77.34,6546,12788,57053732
France,1992,77.1,6818,12967,56864048
France,1991,76.86,7090,13145,56645215
France,1990,76.61,7361,13324,56412897
France,1989,76.37,7633,13502,56169948
France,1988,76.13,7905,13681,55911478
France,1987,75.86,8179,13775,55641541
France,1986,75.59,8454,13869,55371639
France,1985,75.31,8728,13964,55108106
France,1984,75.04,9003,14058,54845980
France,1983,74.77,9277,14152,54592379
France,1982,74.55,9729,14081,54319646
France,1981,74.33,10182,14011,54016749
France,1980,74.1,10634,13940,53713830
France,1979,73.88,11087,13870,53428781
France,1978,73.66,11539,13799,53175309
France,1977,73.41,12383,14254,52925442
France,1976,73.17,13226,14709,52685266
France,1975,72.92,14070,15165,52450030
France,1974,72.68,14913,15620,52163552
France,1973,72.43,15757,16075,51814075
France,1972,72.23,16678,16297,51410363
France,1971,72.04,17600,16519,50970698
France,1970,71.84,18521,16742,50523586
France,1969,71.65,19443,16964,50087049
France,1968,71.45,20364,17186,49647279
France,1967,71.31,21266,17406,49181410
France,1966,71.17,22168,17626,48683086
France,1965,71.03,23071,17846,48168804
France,1964,70.89,23973,18066,47641952
France,1963,70.75,24875,18286,47121247
France,1962,70.48,26401,18275,46635189
France,1961,70.21,27928,18264,46143030
France,1960,69.93,29454,18252,45659575
France,1959,69.66,30981,18241,45201849
France,1958,69.39,32507,18230,44754358
France,1957,68.97,34849,18406,44338091
France,1956,68.54,37191,18582,43959221
France,1955,68.12,39532,18757,43593851
France,1954,67.69,41874,18933,43225643
France,1953,67.27,44216,19109,42883297
France,1952,66.85,46558,19285,42542401
France,1951,66.42,48900,19461,42196657
France,1950,66.0,51241,19636,41842355
Italy,2024,84.13,2122,7026,58697744
Italy,2023,84.0,2183,7036,58870762
Italy,2022,83.86,2267,7154,59037474
Italy,2021,83.71,2350,7272,59240329
Italy,2020,83.57,2434,7391,59500579
Italy,2019,83.42,2517,7509,59727932
Italy,2018,83.28,2601,7627,59877425
Italy,2017,83.1,2688,7869,60004032
Italy,2016,82.91,2776,8112,60118626
Italy,2015,82.73,2863,8354,60232906
Italy,2014,82.54,2951,8597,60322791
Italy,2013,82.36,3038,8839,60312599
Italy,2012,82.19,3116,9014,60190145
Italy,2011,82.02,3194,9189,60025952
Italy,2010,81.85,3273,9365,59822450
Italy,2009,81.68,3351,9540,59562841
Italy,2008,81.51,3429,9715,59224228
Italy,2007,81.27,3570,9678,58778482
Italy,2006,81.02,3711,9641,58429903
Italy,2005,80.78,3853,9603,58199876
Italy,2004,80.53,3994,9566,57860661
Italy,2003,80.29,4135,9529,57425175
Italy,2002,79.99,4404,9476,57107577
Italy,2001,79.69,4674,9423,56994993
Italy,2000,79.4,4943,9370,56966397
Italy,1999,79.1,5213,9317,56945068
Italy,1998,78.8,5482,9264,56938738
Italy,1997,78.53,5871,9341,56925800
Italy,1996,78.27,6260,9418,56898973
Italy,1995,78.0,6650,9496,56885126
Italy,1994,77.74,7039,9573,56883819
Italy,1993,77.47,7428,9650,56869454
Italy,1992,77.25,7801,9722,56833185
Italy,1991,77.03,8173,9794,56794489
Italy,1990,76.82,8546,9867,56756561
Italy,1989,76.6,8918,9939,56711524
Italy,1988,76.38,9291,10011,56670888
Italy,1987,76.08,9916,10194,56644530
Italy,1986,75.78,10541,10376,56639054
Italy,1985,75.48,11167,10559,56636465
Italy,1984,75.18,11792,10741,56620238
Italy,1983,74.88,12417,10924,56607516
Italy,1982,74.61,13366,11372,56585843
Italy,1981,74.35,14316,11821,56532910
Italy,1980,74.08,15265,12269,56329482
Italy,1979,73.82,16215,12718,56070678
Italy,1978,73.55,17164,13166,55877016
Italy,1977,73.28,18898,13774,55649667
Italy,1976,73.02,20632,14382,55388902
Italy,1975,72.75,22365,14989,55093989
Italy,1974,72.49,24099,15597,54750683
Italy,1973,72.22,25833,16205,54379582
Italy,1972,71.96,27164,16531,53995422
Italy,1971,71.71,28495,16857,53636099
Italy,1970,71.45,29825,17184,53324036
Italy,1969,71.2,31156,17510,53001503
Italy,1968,70.94,32487,17836,52661070
Italy,1967,70.69,34022,17986,52294442
Italy,1966,70.44,35557,18137,51882571
Italy,1965,70.19,37091,18287,51452854
Italy,1964,69.94,38626,18438,50997776
Italy,1963,69.69,40161,18588,50555128
Italy,1962,69.44,41723,18383,50162245
Italy,1961,69.19,43284,18177,49812730
Italy,1960,68.94,44846,17972,49517707
Italy,1959,68.69,46407,17766,49224675
Italy,1958,68.44,47969,17561,48930469
Italy,1957,68.06,50189,17692,48660253
Italy,1956,67.67,52410,17823,48403438
Italy,1955,67.29,54630,17953,48130728
Italy,1954,66.9,56851,18084,47833768
Italy,1953,66.52,59071,18215,47412139
Italy,1952,66.14,61291,18346,47016485
Italy,1951,65.75,63512,18477,46750760
Italy,1950,65.37,65732,18607,46391938
Russia,2024,73.12,4674,11108,143957079
Russia,2023,72.98,4807,11329,144444359
Russia,2022,72.84,4997,11617,144713314
Russia,2021,72.7,5188,11905,145102755
Russia,2020,72.57,5378,12194,145617329
Russia,2019,72.43,5569,12482,145742286
Russia,2018,72.29,5759,12770,145652293
Russia,2017,71.89,6275,12812,145452536
Russia,2016,71.48,6790,12854,145109157
Russia,2015,71.08,7306,12897,144668389
Russia,2014,70.67,7821,12939,144285070
Russia,2013,70.27,8337,12981,143956866
Russia,2012,69.64,8805,12669,143629362
Russia,2011,69.02,9273,12357,143364543
Russia,2010,68.39,9741,12044,143242599
Russia,2009,67.77,10209,11732,143163643
Russia,2008,67.14,10677,11420,143086549
Russia,2007,66.7,11773,11098,143117693
Russia,2006,66.26,12869,10776,143338669
Russia,2005,65.83,13964,10455,143800049
Russia,2004,65.39,15060,10133,144353636
Russia,2003,64.95,16156,9811,144946723
Russia,2002,65.1,17116,9631,145590136
Russia,2001,65.25,18076,9451,146235530
Russia,2000,65.4,19035,9272,146844839
Russia,1999,65.55,19995,9092,147336388
Russia,1998,65.7,20955,8912,147672728
Russia,1997,65.88,21150,9300,147939972
Russia,1996,66.05,21345,9688,148233411
Russia,1995,66.23,21541,10076,148557451
Russia,1994,66.4,21736,10464,148829113
Russia,1993,66.58,21931,10852,148897270
Russia,1992,67.09,22268,11917,148725601
Russia,1991,67.6,22605,12982,148455402
Russia,1990,68.11,22943,14048,148005704
Russia,1989,68.62,23280,15113,147341508
Russia,1988,69.13,23617,16178,146464378
Russia,1987,68.8,24071,16290,145312019
Russia,1986,68.47,24524,16402,144046482
Russia,1985,68.13,24978,16513,142896392
Russia,1984,67.8,25431,16625,141892552
Russia,1983,67.47,25885,16737,140854123
Russia,1982,67.49,26463,16544,139848005
Russia,1981,67.51,27040,16350,139002880
Russia,1980,67.53,27618,16157,138257420
Russia,1979,67.55,28195,15963,137510309
Russia,1978,67.57,28773,15770,136659133
Russia,1977,67.72,28292,15690,135712068
Russia,1976,67.87,27812,15610,134764462
Russia,1975,68.01,27331,15531,133841842
Russia,1974,68.16,26851,15451,132970443
Russia,1973,68.31,26370,15371,132191634
Russia,1972,68.34,27345,15291,131456435
Russia,1971,68.37,28321,15211,130719659
Russia,1970,68.41,29296,15132,130093010
Russia,1969,68.44,30272,15052,129489455
Russia,1968,68.47,31247,14972,128822373
Russia,1967,68.35,32928,16202,128111727
Russia,1966,68.23,34608,17432,127293948
Russia,1965,68.12,36289,18663,126400607
Russia,1964,68.0,37969,19893,125394235
Russia,1963,67.88,39650,21123,124227725
Russia,1962,67.26,43595,22039,122914605
Russia,1961,66.65,47540,22956,121408978
Russia,1960,66.03,51485,23872,119735095
Russia,1959,65.42,55430,24789,118076840
Russia,1958,64.8,59375,25705,116373652
Russia,1957,63.54,67590,25948,114590996
Russia,1956,62.29,75805,26190,112783329
Russia,1955,61.03,84019,26433,110971852
Russia,1954,59.78,92234,26675,109221068
Russia,1953,58.52,100449,26918,107493129
Russia,1952,57.26,108664,27161,105790045
Russia,1951,56.01,116879,27403,104151680
Russia,1950,54.75,125093,27646,102580107
Japan,2024,85.15,1530,6995,122631432
Japan,2023,85.03,1564,7013,123294513
Japan,2022,84.91,1604,7109,123951692
Japan,2021,84.79,1644,7205,124612530
Japan,2020,84.67,1684,7301,125244761
Japan,2019,84.55,1724,7397,125791677
Japan,2018,84.43,1764,7493,126255866
Japan,2017,84.21,1848,7675,126662472
Japan,2016,83.99,1932,7856,126993857
Japan,2015,83.76,2015,8038,127250933
Japan,2014,83.54,2099,8219,127476735
Japan,2013,83.32,2183,8401,127678924
Japan,2012,83.19,2257,8456,127853688
Japan,2011,83.05,2331,8511,128007257
Japan,2010,82.92,2405,8565,128105431
Japan,2009,82.78,2479,8620,128117042
Japan,2008,82.65,2553,8675,128077633
Japan,2007,82.48,2638,8719,128006426
Japan,2006,82.31,2723,8763,127902167
Japan,2005,82.14,2809,8807,127798373
Japan,2004,81.97,2894,8851,127671288
Japan,2003,81.8,2979,8895,127502352
Japan,2002,81.54,3116,9001,127301750
Japan,2001,81.28,3252,9106,127065731
Japan,2000,81.03,3389,9212,126803861
Japan,1999,80.77,3525,9317,126555063
Japan,1998,80.51,3662,9423,126308390
Japan,1997,80.29,3809,9506,126027985
Japan,1996,80.07,3957,9589,125726223
Japan,1995,79.86,4104,9672,125433969
Japan,1994,79.64,4252,9755,125119269
Japan,1993,79.42,4399,9838,124779576
Japan,1992,79.24,4490,10085,124444693
Japan,1991,79.06,4581,10331,124073993
Japan,1990,78.89,4672,10578,123686321
Japan,1989,78.71,4763,10824,123270648
Japan,1988,78.53,4854,11071,122798302
Japan,1987,78.23,5167,11424,122268885
Japan,1986,77.92,5481,11777,121710305
Japan,1985,77.62,5794,12130,121119031
Japan,1984,77.31,6108,12483,120470727
Japan,1983,77.01,6421,12836,119793752
Japan,1982,76.69,6832,13293,119098142
Japan,1981,76.37,7244,13749,118385723
Japan,1980,76.04,7655,14206,117624196
Japan,1979,75.72,8067,14662,116765509
Japan,1978,75.4,8478,15119,115809525
Japan,1977,74.98,9101,15878,114761516
Japan,1976,74.55,9724,16637,113624865
Japan,1975,74.13,10348,17396,112411640
Japan,1974,73.7,10971,18155,111100023
Japan,1973,73.28,11594,18914,109679470
Japan,1972,72.91,12460,18715,108220404
Japan,1971,72.53,13326,18516,106789355
Japan,1970,72.16,14193,18316,105416839
Japan,1969,71.78,15059,18117,104102077
Japan,1968,71.41,15925,17918,102819279
Japan,1967,70.96,17680,17834,101527852
Japan,1966,70.51,19436,17750,100466907
Japan,1965,70.06,21191,17666,99468746
Japan,1964,69.61,22947,17582,98319344
Japan,1963,69.16,24702,17498,97246712
Japan,1962,68.61,26986,17646,96267883
Japan,1961,68.06,29270,17795,95355458
Japan,1960,67.5,31554,17943,94464839
Japan,1959,66.95,33838,18092,93575985
Japan,1958,66.4,36122,18240,92671295
Japan,1957,65.68,38431,19307,91837665
Japan,1956,64.96,40741,20374,91021560
Japan,1955,64.24,43050,21440,90090281
Japan,1954,63.52,45360,22507,89093019
Japan,1953,62.8,47669,23574,88057140
Japan,1952,62.08,49978,24641,86921764
Japan,1951,61.36,52288,25708,85683474
Japan,1950,60.64,54597,26774,84353049
